M_psbB-contig-0000000	gi|662012281|ref|YP_009028614.1|	91.23	342	12	3	1	339	133	459	0.0	620
M_psbB-contig-0000000	gi|662012410|ref|YP_009028742.1|	89.60	346	16	3	1	335	133	469	0.0	618
M_psbB-contig-0000000	gi|700082525|ref|YP_009092922.1|	89.31	346	17	3	1	335	133	469	0.0	617
M_psbB-contig-0000000	gi|662015849|ref|YP_009029475.1|	89.60	346	16	3	1	335	133	469	0.0	617
M_psbB-contig-0000000	gi|662013012|ref|YP_009029340.1|	89.60	346	16	3	1	335	133	469	0.0	617
M_psbB-contig-0000000	gi|11467517|ref|NP_043663.1|	89.31	346	17	3	1	335	133	469	0.0	617
M_psbB-contig-0000000	gi|662012578|ref|YP_009028909.1|	90.64	342	14	3	1	339	133	459	0.0	616
M_psbB-contig-0000000	gi|299830531|ref|YP_003734979.1|	90.64	342	14	3	1	339	133	459	0.0	616
M_psbB-contig-0000000	gi|118410992|ref|YP_874387.1|	89.31	346	17	3	1	335	133	469	0.0	616
M_psbB-contig-0000000	gi|691189887|gb|AIR75401.1|	90.35	342	15	3	1	339	133	459	0.0	616
M_psbA-contig-0000000	gi|662015919|ref|YP_009029545.1|	97.99	349	7	0	1	349	1	349	0.0	704
M_psbA-contig-0000000	gi|662013086|ref|YP_009029414.1|	97.99	349	7	0	1	349	1	349	0.0	704
M_psbA-contig-0000000	gi|11467479|ref|NP_043625.1|	97.71	349	8	0	1	349	1	349	0.0	704
M_psbA-contig-0000000	gi|662012495|ref|YP_009028829.1|	97.71	349	8	0	1	349	1	349	0.0	704
M_psbA-contig-0000000	gi|725650555|ref|YP_009093073.1|	98.28	349	6	0	1	349	1	349	0.0	704
M_psbA-contig-0000000	gi|918021170|ref|YP_009163559.1|	97.42	349	9	0	1	349	1	349	0.0	702
M_psbA-contig-0000000	gi|662012328|ref|YP_009028662.1|	97.71	349	8	0	1	349	1	349	0.0	702
M_psbA-contig-0000000	gi|299830589|ref|YP_003735037.1|	97.71	349	8	0	1	349	1	349	0.0	702
M_psbA-contig-0000000	gi|700082591|ref|YP_009092988.1|	97.42	349	9	0	1	349	1	349	0.0	701
M_psbA-contig-0000000	gi|661348785|gb|AIE11952.1|	97.42	349	9	0	1	349	1	349	0.0	701
M_psbA-contig-0000001	gi|662015919|ref|YP_009029545.1|	97.33	300	8	0	1	300	1	300	0.0	600
M_psbA-contig-0000001	gi|662013086|ref|YP_009029414.1|	97.33	300	8	0	1	300	1	300	0.0	600
M_psbA-contig-0000001	gi|662012495|ref|YP_009028829.1|	97.00	300	9	0	1	300	1	300	0.0	600
M_psbA-contig-0000001	gi|918021170|ref|YP_009163559.1|	97.00	300	9	0	1	300	1	300	0.0	599
M_psbA-contig-0000001	gi|11467479|ref|NP_043625.1|	97.00	300	9	0	1	300	1	300	0.0	599
M_psbA-contig-0000001	gi|662012328|ref|YP_009028662.1|	97.33	300	8	0	1	300	1	300	0.0	599
M_psbA-contig-0000001	gi|725650555|ref|YP_009093073.1|	97.00	300	9	0	1	300	1	300	0.0	597
M_psbA-contig-0000001	gi|700082591|ref|YP_009092988.1|	96.67	300	10	0	1	300	1	300	0.0	597
M_psbA-contig-0000001	gi|662012601|ref|YP_009028932.1|	96.33	300	11	0	1	300	1	300	0.0	594
M_psbA-contig-0000001	gi|1081699391|gb|AOW70768.1|	91.67	300	25	0	1	300	1	300	0.0	571
M_psbA-contig-0000002	gi|82698222|gb|ABB89026.1|	83.24	179	30	0	1	179	15	193	3e-103	313
M_psbA-contig-0000002	gi|5821418|dbj|BAA83815.1|	83.24	179	30	0	1	179	15	193	3e-103	313
M_psbA-contig-0000002	gi|55585018|gb|AAV53703.1|	86.44	177	24	0	3	179	17	193	5e-103	313
M_psbA-contig-0000002	gi|55585037|gb|AAV53714.1|	85.88	177	25	0	3	179	17	193	6e-102	310
M_psbA-contig-0000002	gi|281331144|dbj|BAI59100.1|	82.39	176	31	0	4	179	19	194	1e-99	304
M_psbA-contig-0000002	gi|75267190|sp|Q9TM69.1|PSBA_ALETA	82.39	176	31	0	4	179	19	194	1e-99	304
M_psbA-contig-0000002	gi|75265072|sp|Q9MSC2.1|PSBA_HETRO	79.33	179	37	0	1	179	18	196	8e-99	302
M_psbA-contig-0000002	gi|261336060|dbj|BAI44719.1|	82.95	176	30	0	4	179	19	194	2e-98	301
M_psbA-contig-0000002	gi|75265071|sp|Q9MSC1.1|PSBA_HETPY	79.66	177	36	0	3	179	20	196	6e-98	300
M_psbA-contig-0000002	gi|6063404|dbj|BAA83817.2|	82.39	176	31	0	4	179	19	194	2e-97	298
M_psbA-contig-0000003	gi|740771264|ref|WP_038556548.1|	99.42	171	1	0	1	171	180	350	1e-116	347
M_psbA-contig-0000003	gi|740766033|ref|WP_038551317.1|	99.42	171	1	0	1	171	180	350	2e-116	347
M_psbA-contig-0000003	gi|494159172|ref|WP_007098908.1|	99.42	171	1	0	1	171	180	350	2e-116	347
M_psbA-contig-0000003	gi|494160951|ref|WP_007100687.1|	99.42	171	1	0	1	171	180	350	2e-116	347
M_psbA-contig-0000003	gi|5107937|gb|AAD40182.1|AF156980_1	98.83	171	2	0	1	171	180	350	3e-116	346
M_psbA-contig-0000003	gi|492910474|ref|WP_006040880.1|	98.83	171	2	0	1	171	180	350	4e-116	346
M_psbA-contig-0000003	gi|1272468926|gb|PHX67334.1|	96.49	171	6	0	1	171	10	180	6e-116	339
M_psbA-contig-0000003	gi|740757733|ref|WP_038543017.1|	98.25	171	3	0	1	171	180	350	1e-115	345
M_psbA-contig-0000003	gi|493966574|ref|WP_006909897.1|	98.25	171	3	0	1	171	180	350	1e-115	345
M_psbA-contig-0000003	gi|1198956531|ref|WP_087068106.1|	98.25	171	3	0	1	171	180	350	1e-115	345
rps12-contig-0000000	gi|662012644|ref|YP_009028975.1|	95.88	97	4	0	1	97	27	123	8e-60	191
rps12-contig-0000000	gi|662015901|ref|YP_009029527.1|	95.88	97	4	0	1	97	27	123	1e-59	191
rps12-contig-0000000	gi|662013068|ref|YP_009029396.1|	95.88	97	4	0	1	97	27	123	1e-59	191
rps12-contig-0000000	gi|918021286|ref|YP_009163675.1|	95.88	97	4	0	1	97	27	123	2e-59	190
rps12-contig-0000000	gi|700082582|ref|YP_009092979.1|	95.88	97	4	0	1	97	27	123	2e-59	190
rps12-contig-0000000	gi|299830403|ref|YP_003734618.1|	94.85	97	5	0	1	97	27	123	3e-59	190
rps12-contig-0000000	gi|698349125|gb|AIT94611.1|	93.81	97	6	0	1	97	27	123	3e-59	189
rps12-contig-0000000	gi|662012484|ref|YP_009028818.1|	95.88	97	4	0	1	97	27	123	4e-59	189
rps12-contig-0000000	gi|723447068|ref|YP_009106500.1|	93.81	97	6	0	1	97	27	123	4e-59	189
rps12-contig-0000000	gi|723456927|ref|YP_009105728.1|	92.78	97	7	0	1	97	27	123	4e-59	189
rps12-contig-0000001	gi|662012644|ref|YP_009028975.1|	98.80	83	1	0	1	83	33	115	6e-51	168
rps12-contig-0000001	gi|662013068|ref|YP_009029396.1|	98.80	83	1	0	1	83	33	115	7e-51	168
rps12-contig-0000001	gi|918021286|ref|YP_009163675.1|	98.80	83	1	0	1	83	33	115	8e-51	167
rps12-contig-0000001	gi|662015901|ref|YP_009029527.1|	98.80	83	1	0	1	83	33	115	8e-51	167
rps12-contig-0000001	gi|700082582|ref|YP_009092979.1|	97.59	83	2	0	1	83	33	115	1e-50	167
rps12-contig-0000001	gi|299830403|ref|YP_003734618.1|	97.59	83	2	0	1	83	33	115	2e-50	167
rps12-contig-0000001	gi|662012484|ref|YP_009028818.1|	96.39	83	3	0	1	83	33	115	4e-50	166
rps12-contig-0000001	gi|662012910|ref|YP_009029239.1|	96.39	83	3	0	1	83	33	115	9e-50	165
rps12-contig-0000001	gi|299830624|ref|YP_003735072.1|	96.39	83	3	0	1	83	33	115	9e-50	165
rps12-contig-0000001	gi|725650563|ref|YP_009093081.1|	97.59	83	2	0	1	83	33	115	1e-49	165
M_atpA-contig-0000000	gi|315320537|ref|YP_004072593.1|	94.44	234	13	0	1	234	221	454	1e-155	455
M_atpA-contig-0000000	gi|700658145|ref|YP_009093150.1|	94.44	234	13	0	1	234	221	454	2e-155	454
M_atpA-contig-0000000	gi|662012966|ref|YP_009029294.1|	94.87	234	12	0	1	234	221	454	6e-155	453
M_atpA-contig-0000000	gi|725650538|ref|YP_009093056.1|	95.73	234	10	0	1	234	221	454	1e-154	452
M_atpA-contig-0000000	gi|712911930|ref|YP_009093327.1|	94.87	234	12	0	1	234	221	454	1e-154	452
M_atpA-contig-0000000	gi|118411112|ref|YP_874506.1|	94.02	234	14	0	1	234	221	454	2e-154	452
M_atpA-contig-0000000	gi|691190030|gb|AIR75543.1|	94.44	234	13	0	1	234	221	454	2e-154	451
M_atpA-contig-0000000	gi|691189888|gb|AIR75402.1|	94.44	234	13	0	1	234	221	454	3e-154	451
M_atpA-contig-0000000	gi|700082625|ref|YP_009093423.1|	93.59	234	15	0	1	234	221	454	3e-154	451
M_atpA-contig-0000000	gi|662015850|ref|YP_009029476.1|	94.87	234	12	0	1	234	221	454	4e-154	451
M_rpl3-contig-0000000	gi|662015875|ref|YP_009029501.1|	82.30	113	20	0	1	113	91	203	2e-57	189
M_rpl3-contig-0000000	gi|118411058|ref|YP_874453.1|	81.42	113	21	0	1	113	91	203	2e-57	189
M_rpl3-contig-0000000	gi|712911972|ref|YP_009093369.1|	77.88	113	25	0	1	113	91	203	4e-57	188
M_rpl3-contig-0000000	gi|1185166|emb|CAA91649.1|	81.42	113	21	0	1	113	80	192	6e-57	187
M_rpl3-contig-0000000	gi|700082556|ref|YP_009092953.1|	80.53	113	22	0	1	113	91	203	7e-57	187
M_rpl3-contig-0000000	gi|126022788|ref|NP_043617.2|	81.42	113	21	0	1	113	91	203	8e-57	187
M_rpl3-contig-0000000	gi|662012337|ref|YP_009028671.1|	78.76	113	24	0	1	113	92	204	1e-56	187
M_rpl3-contig-0000000	gi|662012755|ref|YP_009029094.1|	79.65	113	23	0	1	113	91	203	2e-56	186
M_rpl3-contig-0000000	gi|700082703|ref|YP_009093501.1|	77.88	113	25	0	1	113	91	203	9e-56	184
M_rpl3-contig-0000000	gi|918020217|ref|YP_009162691.1|	76.99	113	26	0	1	113	102	214	1e-55	184
M_atpI-contig-0000000	gi|699008624|ref|YP_009059236.1|	94.19	155	9	0	1	155	88	242	2e-97	293
M_atpI-contig-0000000	gi|691189893|gb|AIR75407.1|	93.55	155	10	0	1	155	88	242	3e-97	293
M_atpI-contig-0000000	gi|662015855|ref|YP_009029481.1|	94.19	155	9	0	1	155	88	242	5e-97	293
M_atpI-contig-0000000	gi|725650533|ref|YP_009093051.1|	93.55	155	10	0	1	155	88	242	6e-97	292
M_atpI-contig-0000000	gi|712911935|ref|YP_009093332.1|	93.55	155	10	0	1	155	88	242	9e-97	292
M_atpI-contig-0000000	gi|118411107|ref|YP_874501.1|	92.90	155	11	0	1	155	88	242	1e-96	291
M_atpI-contig-0000000	gi|662012584|ref|YP_009028915.1|	92.26	155	12	0	1	155	88	242	2e-96	291
M_atpI-contig-0000000	gi|315320532|ref|YP_004072588.1|	92.90	155	11	0	1	155	88	242	2e-96	291
M_atpI-contig-0000000	gi|700082620|ref|YP_009093418.1|	92.90	155	11	0	1	155	88	242	2e-96	291
M_atpI-contig-0000000	gi|700658140|ref|YP_009093145.1|	92.90	155	11	0	1	155	88	242	3e-96	291
M_atpI-contig-0000001	gi|662012961|ref|YP_009029289.1|	75.00	88	21	1	1	87	20	107	1e-39	143
M_atpI-contig-0000001	gi|700082620|ref|YP_009093418.1|	73.86	88	22	1	1	87	20	107	1e-39	143
M_atpI-contig-0000001	gi|118411107|ref|YP_874501.1|	73.86	88	22	1	1	87	20	107	2e-39	142
M_atpI-contig-0000001	gi|315320532|ref|YP_004072588.1|	75.00	88	21	1	1	87	20	107	3e-39	142
M_atpI-contig-0000001	gi|691189893|gb|AIR75407.1|	73.86	88	22	1	1	87	20	107	5e-39	142
M_atpI-contig-0000001	gi|712911935|ref|YP_009093332.1|	73.86	88	22	1	1	87	20	107	3e-38	140
M_atpI-contig-0000001	gi|700658140|ref|YP_009093145.1|	71.59	88	24	1	1	87	20	107	4e-38	139
M_atpI-contig-0000001	gi|725650533|ref|YP_009093051.1|	72.73	88	23	1	1	87	20	107	4e-38	139
M_atpI-contig-0000001	gi|662012584|ref|YP_009028915.1|	75.00	88	21	1	1	87	20	107	5e-38	139
M_atpI-contig-0000001	gi|299830564|ref|YP_003735012.1|	71.59	88	24	1	1	87	20	107	4e-37	136
M_psbV-contig-0000000	gi|662012986|ref|YP_009029314.1|	90.07	141	14	0	1	141	23	163	1e-91	275
M_psbV-contig-0000000	gi|118411100|ref|YP_874494.1|	90.07	141	14	0	1	141	23	163	1e-90	273
M_psbV-contig-0000000	gi|215421049|dbj|BAG85216.1|	88.65	141	16	0	1	141	23	163	4e-90	271
M_psbV-contig-0000000	gi|662015822|ref|YP_009029448.1|	90.78	141	13	0	1	141	23	163	4e-90	271
M_psbV-contig-0000000	gi|691189900|gb|AIR75414.1|	89.36	141	15	0	1	141	23	163	5e-90	271
M_psbV-contig-0000000	gi|725650513|ref|YP_009093031.1|	87.94	141	17	0	1	141	23	163	6e-90	271
M_psbV-contig-0000000	gi|378824510|ref|YP_005089680.1|	87.94	141	17	0	1	141	23	163	7e-90	271
M_psbV-contig-0000000	gi|315320518|ref|YP_004072574.1|	89.36	141	15	0	1	141	23	163	1e-89	270
M_psbV-contig-0000000	gi|700082613|ref|YP_009093411.1|	88.65	141	16	0	1	141	23	163	2e-89	270
M_psbV-contig-0000000	gi|662012556|ref|YP_009028887.1|	87.23	141	18	0	1	141	23	163	3e-89	269
M_psbE-contig-0000000	gi|662013023|ref|YP_009029351.1|	100.00	82	0	0	1	82	1	82	4e-52	169
M_psbE-contig-0000000	gi|378824478|ref|YP_005089648.1|	98.78	82	1	0	1	82	1	82	6e-52	169
M_psbE-contig-0000000	gi|662012535|ref|YP_009028866.1|	98.78	82	1	0	1	82	1	82	7e-52	169
M_psbE-contig-0000000	gi|918020246|ref|YP_009162720.1|	97.56	82	2	0	1	82	12	93	8e-52	169
M_psbE-contig-0000000	gi|118411160|ref|YP_874554.1|	98.78	82	1	0	1	82	1	82	9e-52	169
M_psbE-contig-0000000	gi|1070107953|ref|YP_009294293.1|	97.56	82	2	0	1	82	1	82	1e-51	168
M_psbE-contig-0000000	gi|11467532|ref|NP_043678.1|	97.56	82	2	0	1	82	1	82	1e-51	168
M_psbE-contig-0000000	gi|1079488475|ref|YP_009308830.1|	97.56	82	2	0	1	82	1	82	1e-51	168
M_psbE-contig-0000000	gi|918021244|ref|YP_009163633.1|	98.78	82	1	0	1	82	1	82	1e-51	168
M_psbE-contig-0000000	gi|1070108157|ref|YP_009294496.1|	96.34	82	3	0	1	82	1	82	2e-51	168
M_psaA-contig-0000000	gi|662015791|ref|YP_009029417.1|	96.07	483	19	0	1	483	270	752	0.0	960
M_psaA-contig-0000000	gi|11467572|ref|NP_043718.1|	95.86	483	20	0	1	483	270	752	0.0	959
M_psaA-contig-0000000	gi|700082483|ref|YP_009092880.1|	96.27	483	18	0	1	483	270	752	0.0	957
M_psaA-contig-0000000	gi|918021228|ref|YP_009163617.1|	95.85	482	20	0	1	482	270	751	0.0	957
M_psaA-contig-0000000	gi|662012524|ref|YP_009028855.1|	96.05	481	19	0	3	483	272	752	0.0	956
M_psaA-contig-0000000	gi|118411096|ref|YP_874490.1|	95.65	483	21	0	1	483	270	752	0.0	956
M_psaA-contig-0000000	gi|691189877|gb|AIR75391.1|	95.45	483	22	0	1	483	270	752	0.0	955
M_psaA-contig-0000000	gi|700082609|ref|YP_009093407.1|	95.24	483	23	0	1	483	270	752	0.0	955
M_psaA-contig-0000000	gi|700658130|ref|YP_009093135.1|	95.65	483	21	0	1	483	270	752	0.0	955
M_psaA-contig-0000000	gi|691190019|gb|AIR75532.1|	95.24	483	23	0	1	483	270	752	0.0	954
M_rpl4-contig-0000000	gi|299830599|ref|YP_003735047.1|	92.31	65	2	1	1	62	54	118	4e-30	117
M_rpl4-contig-0000000	gi|662012338|ref|YP_009028672.1|	89.23	65	4	1	1	62	54	118	2e-29	115
M_rpl4-contig-0000000	gi|662012756|ref|YP_009029095.1|	89.23	65	4	1	1	62	54	118	2e-29	115
M_rpl4-contig-0000000	gi|712911973|ref|YP_009093370.1|	89.23	65	4	1	1	62	54	118	3e-29	114
M_rpl4-contig-0000000	gi|700082557|ref|YP_009092954.1|	87.69	65	5	1	1	62	54	118	6e-29	114
M_rpl4-contig-0000000	gi|330850883|ref|YP_004376633.1|	89.23	65	4	1	1	62	54	118	7e-29	113
M_rpl4-contig-0000000	gi|691189972|gb|AIR75486.1|	89.23	65	4	1	1	62	54	118	9e-29	113
M_rpl4-contig-0000000	gi|691190114|gb|AIR75627.1|	89.23	65	4	1	1	62	54	118	1e-28	113
M_rpl4-contig-0000000	gi|662012935|ref|YP_009029264.1|	87.69	65	5	1	1	62	54	118	1e-28	112
M_rpl4-contig-0000000	gi|378824576|ref|YP_005089746.1|	89.06	64	4	1	2	62	55	118	1e-28	112
M_psaD-contig-0000000	gi|700082475|ref|YP_009092872.1|	83.85	130	21	0	1	130	1	130	4e-74	229
M_psaD-contig-0000000	gi|712911942|ref|YP_009093339.1|	83.08	130	22	0	1	130	1	130	1e-73	228
M_psaD-contig-0000000	gi|299830333|ref|YP_003734548.1|	82.31	130	23	0	1	130	1	130	1e-73	228
M_psaD-contig-0000000	gi|299830538|ref|YP_003734986.1|	82.31	130	23	0	1	130	1	130	3e-73	228
M_psaD-contig-0000000	gi|662012691|ref|YP_009029026.1|	83.08	130	22	0	1	130	1	130	1e-72	226
M_psaD-contig-0000000	gi|662012286|ref|YP_009028619.1|	83.08	130	22	0	1	130	1	130	2e-72	225
M_psaD-contig-0000000	gi|118410999|ref|YP_874394.1|	82.31	130	23	0	1	130	1	130	2e-72	225
M_psaD-contig-0000000	gi|11467501|ref|NP_043647.1|	82.31	130	23	0	1	130	1	130	2e-72	225
M_psaD-contig-0000000	gi|725650500|ref|YP_009093018.1|	83.08	130	22	0	1	130	1	130	3e-72	224
M_psaD-contig-0000000	gi|699008597|ref|YP_009059209.1|	81.54	130	24	0	1	130	1	130	6e-72	224
M_psaD-contig-0000001	gi|700082475|ref|YP_009092872.1|	98.72	78	1	0	1	78	45	122	2e-49	164
M_psaD-contig-0000001	gi|712911942|ref|YP_009093339.1|	98.72	78	1	0	1	78	45	122	2e-49	164
M_psaD-contig-0000001	gi|662012862|ref|YP_009029191.1|	98.72	78	1	0	1	78	45	122	7e-49	163
M_psaD-contig-0000001	gi|330850834|ref|YP_004376584.1|	97.44	78	2	0	1	78	45	122	3e-48	161
M_psaD-contig-0000001	gi|11467501|ref|NP_043647.1|	97.44	78	2	0	1	78	45	122	3e-48	161
M_psaD-contig-0000001	gi|378824501|ref|YP_005089671.1|	96.15	78	3	0	1	78	45	122	6e-48	160
M_psaD-contig-0000001	gi|662012547|ref|YP_009028878.1|	96.15	78	3	0	1	78	45	122	7e-48	160
M_psaD-contig-0000001	gi|299830538|ref|YP_003734986.1|	96.15	78	3	0	1	78	45	122	7e-48	160
M_psaD-contig-0000001	gi|299830333|ref|YP_003734548.1|	96.15	78	3	0	1	78	45	122	1e-47	160
M_psaD-contig-0000001	gi|118410999|ref|YP_874394.1|	97.40	77	2	0	2	78	46	122	1e-47	160
M_ccsA-contig-0000000	gi|725650557|ref|YP_009093075.1|	95.45	110	5	0	2	111	203	312	1e-68	220
M_ccsA-contig-0000000	gi|700082589|ref|YP_009092986.1|	94.55	110	6	0	2	111	203	312	1e-67	218
M_ccsA-contig-0000000	gi|662015908|ref|YP_009029534.1|	93.64	110	7	0	2	111	203	312	3e-67	217
M_ccsA-contig-0000000	gi|11467437|ref|NP_043583.1|	94.55	110	6	0	2	111	203	312	4e-67	217
M_ccsA-contig-0000000	gi|712912006|ref|YP_009093403.1|	93.64	110	7	0	2	111	203	312	1e-66	215
M_ccsA-contig-0000000	gi|118411089|ref|YP_874484.1|	90.00	110	11	0	2	111	203	312	2e-66	215
M_ccsA-contig-0000000	gi|378824544|ref|YP_005089714.1|	91.82	110	9	0	2	111	203	312	3e-66	214
M_ccsA-contig-0000000	gi|299830408|ref|YP_003734623.1|	91.82	110	9	0	2	111	203	312	3e-66	214
M_ccsA-contig-0000000	gi|662012652|ref|YP_009028983.1|	92.73	110	8	0	2	111	203	312	4e-66	214
M_ccsA-contig-0000000	gi|330850853|ref|YP_004376603.1|	89.09	110	12	0	2	111	203	312	1e-65	213
M_ccsA-contig-0000001	gi|725650557|ref|YP_009093075.1|	100.00	97	0	0	1	97	204	300	2e-60	199
M_ccsA-contig-0000001	gi|700082589|ref|YP_009092986.1|	95.88	97	4	0	1	97	204	300	9e-59	194
M_ccsA-contig-0000001	gi|11467437|ref|NP_043583.1|	95.88	97	4	0	1	97	204	300	2e-58	194
M_ccsA-contig-0000001	gi|662015908|ref|YP_009029534.1|	94.85	97	5	0	1	97	204	300	2e-58	194
M_ccsA-contig-0000001	gi|378824544|ref|YP_005089714.1|	93.81	97	6	0	1	97	204	300	8e-58	192
M_ccsA-contig-0000001	gi|712912006|ref|YP_009093403.1|	94.85	97	5	0	1	97	204	300	1e-57	192
M_ccsA-contig-0000001	gi|118411089|ref|YP_874484.1|	92.78	97	7	0	1	97	204	300	1e-57	192
M_ccsA-contig-0000001	gi|299830408|ref|YP_003734623.1|	92.78	97	7	0	1	97	204	300	2e-57	191
M_ccsA-contig-0000001	gi|662012367|ref|YP_009028701.1|	92.78	97	7	0	1	97	204	300	2e-57	191
M_ccsA-contig-0000001	gi|330850853|ref|YP_004376603.1|	90.72	97	9	0	1	97	204	300	6e-57	190
M_psbD-contig-0000000	gi|918020229|ref|YP_009162703.1|	97.65	341	8	0	1	341	11	351	0.0	680
M_psbD-contig-0000000	gi|662015810|ref|YP_009029436.1|	97.07	341	10	0	1	341	11	351	0.0	677
M_psbD-contig-0000000	gi|299830522|ref|YP_003734969.1|	97.07	341	10	0	1	341	11	351	0.0	677
M_psbD-contig-0000000	gi|725650502|ref|YP_009093020.1|	96.77	341	11	0	1	341	11	351	0.0	677
M_psbD-contig-0000000	gi|378824486|ref|YP_005089656.1|	97.07	341	10	0	1	341	11	351	0.0	677
M_psbD-contig-0000000	gi|700082502|ref|YP_009092899.1|	96.48	341	12	0	1	341	11	351	0.0	676
M_psbD-contig-0000000	gi|299830316|ref|YP_003734531.1|	96.48	341	12	0	1	341	11	351	0.0	676
M_psbD-contig-0000000	gi|662012845|ref|YP_009029174.1|	96.77	341	11	0	1	341	11	351	0.0	676
M_psbD-contig-0000000	gi|662012725|ref|YP_009029060.1|	96.19	341	13	0	1	341	11	351	0.0	676
M_psbD-contig-0000000	gi|118410982|ref|YP_874377.1|	96.48	341	12	0	1	341	11	351	0.0	676
rps4-contig-0000000	gi|11467476|ref|NP_043622.1|	86.96	92	10	1	1	90	49	140	3e-48	164
rps4-contig-0000000	gi|315320559|ref|YP_004072616.1|	83.70	92	13	1	1	90	48	139	9e-47	160
rps4-contig-0000000	gi|725650575|ref|YP_009093093.1|	81.52	92	15	1	1	90	48	139	1e-46	160
rps4-contig-0000000	gi|378824583|ref|YP_005089753.1|	84.78	92	12	1	1	90	49	140	3e-46	159
rps4-contig-0000000	gi|662012613|ref|YP_009028944.1|	84.78	92	12	1	1	90	48	139	4e-46	159
rps4-contig-0000000	gi|699008652|ref|YP_009059264.1|	83.70	92	13	1	1	90	48	139	5e-46	158
rps4-contig-0000000	gi|691189966|gb|AIR75480.1|	81.52	92	15	1	1	90	48	139	8e-46	158
rps4-contig-0000000	gi|691190108|gb|AIR75621.1|	80.43	92	16	1	1	90	48	139	1e-45	157
rps4-contig-0000000	gi|299830591|ref|YP_003735040.1|	80.43	92	16	1	1	90	47	138	3e-45	156
rps4-contig-0000000	gi|1079488536|ref|YP_009308891.1|	81.52	92	15	1	1	90	45	136	3e-45	156
rps7-contig-0000000	gi|118411217|ref|YP_874611.1|	76.56	64	10	3	1	61	56	117	8e-22	93.6
rps7-contig-0000000	gi|700658250|ref|YP_009093255.1|	76.56	64	10	3	1	61	56	117	1e-21	93.2
rps7-contig-0000000	gi|700082730|ref|YP_009093528.1|	76.56	64	10	3	1	61	56	117	1e-21	93.2
rps7-contig-0000000	gi|725650562|ref|YP_009093080.1|	75.81	62	14	1	1	61	56	117	2e-21	92.8
rps7-contig-0000000	gi|315320591|ref|YP_004072648.1|	75.00	64	11	3	1	61	56	117	2e-21	92.4
rps7-contig-0000000	gi|662013069|ref|YP_009029397.1|	74.19	62	15	1	1	61	56	117	2e-21	92.4
rps7-contig-0000000	gi|662012645|ref|YP_009028976.1|	75.00	64	11	3	1	61	56	117	6e-21	91.3
rps7-contig-0000000	gi|662015902|ref|YP_009029528.1|	77.59	58	10	2	1	55	56	113	1e-20	90.5
rps7-contig-0000000	gi|712911999|ref|YP_009093396.1|	73.44	64	12	3	1	61	56	117	1e-20	90.5
rps7-contig-0000000	gi|1079488574|ref|YP_009308929.1|	81.03	58	8	2	1	55	56	113	1e-20	90.1
M_petD-contig-0000000	gi|662015821|ref|YP_009029447.1|	94.53	128	7	0	1	128	1	128	6e-83	253
M_petD-contig-0000000	gi|700082473|ref|YP_009092870.1|	95.31	128	6	0	1	128	1	128	6e-83	253
M_petD-contig-0000000	gi|662012549|ref|YP_009028880.1|	95.31	128	6	0	1	128	1	128	6e-83	253
M_petD-contig-0000000	gi|712911940|ref|YP_009093337.1|	94.53	128	7	0	1	128	1	128	1e-82	252
M_petD-contig-0000000	gi|662012976|ref|YP_009029304.1|	94.53	128	7	0	1	128	1	128	1e-82	252
M_petD-contig-0000000	gi|662012288|ref|YP_009028621.1|	94.53	128	7	0	1	128	1	128	2e-82	251
M_petD-contig-0000000	gi|1079488519|ref|YP_009308874.1|	93.75	128	8	0	1	128	1	128	3e-82	251
M_petD-contig-0000000	gi|725650498|ref|YP_009093016.1|	95.31	128	6	0	1	128	1	128	3e-82	251
M_petD-contig-0000000	gi|378824503|ref|YP_005089673.1|	95.31	128	6	0	1	128	1	128	3e-82	251
M_petD-contig-0000000	gi|699008595|ref|YP_009059207.1|	91.41	128	11	0	1	128	1	128	2e-81	248
rpl11-contig-0000000	gi|11467549|ref|NP_043695.1|	92.94	85	5	1	1	84	18	102	1e-47	160
rpl11-contig-0000000	gi|662015826|ref|YP_009029452.1|	91.76	85	6	1	1	84	18	102	1e-46	157
rpl11-contig-0000000	gi|299830336|ref|YP_003734551.1|	89.41	85	8	1	1	84	18	102	5e-46	156
rpl11-contig-0000000	gi|662012420|ref|YP_009028752.1|	90.59	85	7	1	1	84	18	102	5e-46	156
rpl11-contig-0000000	gi|118411002|ref|YP_874397.1|	88.24	85	9	1	1	84	18	102	1e-45	155
rpl11-contig-0000000	gi|330850831|ref|YP_004376581.1|	88.24	85	9	1	1	84	18	102	2e-45	155
rpl11-contig-0000000	gi|691190046|gb|AIR75559.1|	87.06	85	10	1	1	84	18	102	2e-45	155
rpl11-contig-0000000	gi|691189904|gb|AIR75418.1|	87.06	85	10	1	1	84	18	102	2e-45	155
rpl11-contig-0000000	gi|725650509|ref|YP_009093027.1|	89.41	85	8	1	1	84	18	102	2e-45	154
rpl11-contig-0000000	gi|700082636|ref|YP_009093434.1|	87.06	85	10	1	1	84	18	102	2e-45	154
rpl11-contig-0000001	gi|11467549|ref|NP_043695.1|	94.52	73	1	2	1	70	49	121	3e-35	128
rpl11-contig-0000001	gi|700082496|ref|YP_009092893.1|	93.15	73	2	2	1	70	49	121	1e-34	126
rpl11-contig-0000001	gi|662012420|ref|YP_009028752.1|	91.78	73	3	2	1	70	49	121	6e-34	124
rpl11-contig-0000001	gi|662015826|ref|YP_009029452.1|	91.78	73	3	2	1	70	49	121	8e-34	124
rpl11-contig-0000001	gi|315320475|ref|YP_004072531.1|	89.04	73	5	2	1	70	49	121	1e-33	124
rpl11-contig-0000001	gi|691189904|gb|AIR75418.1|	89.04	73	5	2	1	70	49	121	1e-33	124
rpl11-contig-0000001	gi|691190046|gb|AIR75559.1|	89.04	73	5	2	1	70	49	121	1e-33	124
rpl11-contig-0000001	gi|712911900|ref|YP_009093297.1|	90.41	73	4	2	1	70	49	121	2e-33	123
rpl11-contig-0000001	gi|700658156|ref|YP_009093161.1|	89.04	73	5	2	1	70	49	121	3e-33	123
rpl11-contig-0000001	gi|330850831|ref|YP_004376581.1|	89.04	73	5	2	1	70	49	121	5e-33	122
rpl14-contig-0000000	gi|712911983|ref|YP_009093380.1|	86.84	114	15	0	1	114	1	114	1e-62	199
rpl14-contig-0000000	gi|725650591|ref|YP_009093109.1|	85.96	114	16	0	1	114	1	114	2e-62	199
rpl14-contig-0000000	gi|700082567|ref|YP_009092964.1|	85.96	114	16	0	1	114	1	114	3e-62	198
rpl14-contig-0000000	gi|662012469|ref|YP_009028803.1|	85.96	114	16	0	1	114	1	114	6e-62	197
rpl14-contig-0000000	gi|11467460|ref|NP_043606.1|	85.96	114	16	0	1	114	1	114	1e-61	197
rpl14-contig-0000000	gi|662015886|ref|YP_009029512.1|	85.09	114	17	0	1	114	1	114	1e-61	197
rpl14-contig-0000000	gi|662012629|ref|YP_009028960.1|	86.84	114	15	0	1	114	1	114	1e-61	197
rpl14-contig-0000000	gi|118411201|ref|YP_874595.1|	85.09	114	17	0	1	114	1	114	2e-61	196
rpl14-contig-0000000	gi|691189982|gb|AIR75496.1|	85.09	114	17	0	1	114	1	114	2e-61	196
rpl14-contig-0000000	gi|700658234|ref|YP_009093239.1|	84.21	114	18	0	1	114	1	114	5e-61	195
rpl16-contig-0000000	gi|691189979|gb|AIR75493.1|	83.76	117	17	1	1	115	2	118	6e-61	195
rpl16-contig-0000000	gi|700082711|ref|YP_009093509.1|	82.05	117	19	1	1	115	2	118	3e-60	194
rpl16-contig-0000000	gi|118411198|ref|YP_874592.1|	82.05	117	19	1	1	115	2	118	5e-60	193
rpl16-contig-0000000	gi|700658231|ref|YP_009093236.1|	81.20	117	20	1	1	115	2	118	7e-60	192
rpl16-contig-0000000	gi|315320572|ref|YP_004072629.1|	81.20	117	20	1	1	115	2	118	1e-59	192
rpl16-contig-0000000	gi|699008666|ref|YP_009059278.1|	80.34	117	21	1	1	115	2	118	4e-59	191
rpl16-contig-0000000	gi|700082564|ref|YP_009092961.1|	81.20	117	20	1	1	115	2	118	7e-59	190
rpl16-contig-0000000	gi|712911980|ref|YP_009093377.1|	79.49	117	22	1	1	115	2	118	2e-58	189
rpl16-contig-0000000	gi|725650588|ref|YP_009093106.1|	79.49	117	22	1	1	115	2	118	2e-57	187
rpl16-contig-0000000	gi|662012466|ref|YP_009028800.1|	77.78	117	24	1	1	115	2	118	3e-57	186
M_atpB-contig-0000000	gi|817091452|gb|AKF18330.1|	98.12	160	3	0	1	160	115	274	1e-106	321
M_atpB-contig-0000000	gi|817091330|gb|AKF18269.1|	98.12	160	3	0	1	160	164	323	5e-106	320
M_atpB-contig-0000000	gi|817091456|gb|AKF18332.1|	98.75	160	2	0	1	160	175	334	5e-106	322
M_atpB-contig-0000000	gi|817091382|gb|AKF18295.1|	97.50	160	4	0	1	160	80	239	5e-106	318
M_atpB-contig-0000000	gi|817091238|gb|AKF18223.1|	98.12	160	3	0	1	160	119	278	6e-106	317
M_atpB-contig-0000000	gi|817091430|gb|AKF18319.1|	98.12	160	3	0	1	160	186	345	8e-106	321
M_atpB-contig-0000000	gi|817091390|gb|AKF18299.1|	98.12	160	3	0	1	160	181	340	8e-106	321
M_atpB-contig-0000000	gi|817091286|gb|AKF18247.1|	98.75	160	2	0	1	160	190	349	9e-106	321
M_atpB-contig-0000000	gi|817091388|gb|AKF18298.1|	98.12	160	3	0	1	160	188	347	1e-105	320
M_atpB-contig-0000000	gi|817091374|gb|AKF18291.1|	98.12	160	3	0	1	160	188	347	1e-105	320
M_atpB-contig-0000001	gi|662015834|ref|YP_009029460.1|	90.32	124	12	0	1	124	351	474	2e-69	228
M_atpB-contig-0000001	gi|299830346|ref|YP_003734561.1|	89.52	124	13	0	1	124	351	474	3e-69	228
M_atpB-contig-0000001	gi|662012435|ref|YP_009028767.1|	90.32	124	12	0	1	124	351	474	4e-69	227
M_atpB-contig-0000001	gi|1079488499|ref|YP_009308854.1|	87.90	124	15	0	1	124	351	474	4e-68	224
M_atpB-contig-0000001	gi|118411134|ref|YP_874528.1|	87.90	124	15	0	1	124	350	473	6e-68	224
M_atpB-contig-0000001	gi|11467561|ref|NP_043707.1|	88.71	124	14	0	1	124	351	474	7e-68	224
M_atpB-contig-0000001	gi|315320486|ref|YP_004072542.1|	87.90	124	15	0	1	124	350	473	1e-67	223
M_atpB-contig-0000001	gi|918020239|ref|YP_009162713.1|	87.10	124	16	0	1	124	351	474	2e-67	223
M_atpB-contig-0000001	gi|299830551|ref|YP_003734999.1|	87.10	124	16	0	1	124	351	474	2e-67	223
M_atpB-contig-0000001	gi|662012263|ref|YP_009028596.1|	87.90	124	15	0	1	124	351	474	3e-67	223
M_atpB-contig-0000002	gi|403369380|gb|EJY84535.1|	94.26	122	7	0	1	122	186	307	8e-75	242
M_atpB-contig-0000002	gi|678321731|emb|CDW83582.1|	93.44	122	8	0	1	122	186	307	8e-74	239
M_atpB-contig-0000002	gi|1200594235|gb|OUX03868.1|	93.44	122	8	0	1	122	171	292	1e-72	236
M_atpB-contig-0000002	gi|1139889303|gb|ONI47007.1|	90.98	122	11	0	1	122	15	136	2e-72	231
M_atpB-contig-0000002	gi|494942230|ref|WP_007668258.1|	92.62	122	9	0	1	122	173	294	2e-72	235
M_atpB-contig-0000002	gi|1200539332|gb|OUW51491.1|	93.44	122	8	0	1	122	171	292	3e-72	235
M_atpB-contig-0000002	gi|1200599680|gb|OUX09148.1|	92.62	122	9	0	1	122	170	291	3e-72	235
M_atpB-contig-0000002	gi|1134880980|gb|OMJ78633.1|	92.62	122	9	0	1	122	194	315	3e-72	236
M_atpB-contig-0000002	gi|1134892653|gb|OMJ89908.1|	92.62	122	9	0	1	122	194	315	3e-72	236
M_atpB-contig-0000002	gi|1051232325|gb|OCW75591.1|	92.62	122	9	0	1	122	171	292	3e-72	235
M_rpl5-contig-0000000	gi|662015888|ref|YP_009029514.1|	83.33	138	23	0	2	139	39	176	1e-77	242
M_rpl5-contig-0000000	gi|126022787|ref|NP_043604.2|	82.73	139	24	0	1	139	22	160	1e-77	241
M_rpl5-contig-0000000	gi|1350653|sp|P49547.1|RK5_ODOSI	82.73	139	24	0	1	139	38	176	2e-77	242
M_rpl5-contig-0000000	gi|662012350|ref|YP_009028684.1|	83.33	138	23	0	2	139	39	176	4e-77	241
M_rpl5-contig-0000000	gi|700082569|ref|YP_009092966.1|	84.78	138	21	0	1	138	38	175	6e-77	241
M_rpl5-contig-0000000	gi|725650593|ref|YP_009093111.1|	81.29	139	26	0	1	139	38	176	4e-76	238
M_rpl5-contig-0000000	gi|712911985|ref|YP_009093382.1|	82.01	139	25	0	1	139	38	176	1e-75	237
M_rpl5-contig-0000000	gi|378824564|ref|YP_005089734.1|	81.88	138	25	0	2	139	39	176	2e-75	236
M_rpl5-contig-0000000	gi|918020206|ref|YP_009162680.1|	80.29	137	27	0	3	139	40	176	3e-74	234
M_rpl5-contig-0000000	gi|299830611|ref|YP_003735059.1|	81.02	137	26	0	3	139	40	176	4e-74	233
rpl20-contig-0000000	gi|662015863|ref|YP_009029489.1|	91.43	70	6	0	1	70	1	70	1e-36	130
rpl20-contig-0000000	gi|725650551|ref|YP_009093069.1|	92.86	70	5	0	1	70	1	70	8e-36	129
rpl20-contig-0000000	gi|118411120|ref|YP_874514.1|	90.00	70	7	0	1	70	1	70	2e-35	127
rpl20-contig-0000000	gi|712911950|ref|YP_009093347.1|	90.00	70	7	0	1	70	1	70	3e-35	127
rpl20-contig-0000000	gi|691189880|gb|AIR75394.1|	90.00	70	7	0	1	70	1	70	6e-35	127
rpl20-contig-0000000	gi|700082633|ref|YP_009093431.1|	88.57	70	8	0	1	70	1	70	8e-35	126
rpl20-contig-0000000	gi|691190022|gb|AIR75535.1|	88.57	70	8	0	1	70	1	70	8e-35	127
rpl20-contig-0000000	gi|700082544|ref|YP_009092941.1|	87.14	70	9	0	1	70	1	70	2e-34	125
rpl20-contig-0000000	gi|700658153|ref|YP_009093158.1|	87.14	70	9	0	1	70	1	70	2e-34	125
rpl20-contig-0000000	gi|918021233|ref|YP_009163622.1|	85.71	70	10	0	1	70	1	70	4e-34	124
M_petB-contig-0000000	gi|662012548|ref|YP_009028879.1|	99.02	205	2	0	1	205	11	215	4e-144	413
M_petB-contig-0000000	gi|378824502|ref|YP_005089672.1|	98.05	205	4	0	1	205	11	215	5e-144	413
M_petB-contig-0000000	gi|712911941|ref|YP_009093338.1|	98.05	205	4	0	1	205	11	215	7e-144	412
M_petB-contig-0000000	gi|11467502|ref|NP_043648.1|	98.05	205	4	0	1	205	11	215	9e-144	412
M_petB-contig-0000000	gi|954038081|gb|ALP32373.1|	97.56	205	5	0	1	205	11	215	1e-143	412
M_petB-contig-0000000	gi|700658187|ref|YP_009093192.1|	98.54	205	3	0	1	205	11	215	1e-143	412
M_petB-contig-0000000	gi|700082667|ref|YP_009093465.1|	98.05	205	4	0	1	205	11	215	2e-143	412
M_petB-contig-0000000	gi|118411154|ref|YP_874548.1|	97.56	205	5	0	1	205	11	215	3e-143	411
M_petB-contig-0000000	gi|662012975|ref|YP_009029303.1|	98.05	205	4	0	1	205	11	215	3e-143	411
M_petB-contig-0000000	gi|691189935|gb|AIR75449.1|	98.05	205	4	0	1	205	11	215	3e-143	411
rpl27-contig-0000000	gi|662012490|ref|YP_009028824.1|	87.14	70	9	0	1	70	1	70	1e-35	127
rpl27-contig-0000000	gi|662012799|ref|YP_009029142.1|	85.71	70	10	0	1	70	1	70	2e-35	126
rpl27-contig-0000000	gi|662015914|ref|YP_009029540.1|	87.14	70	9	0	1	70	1	70	2e-35	126
rpl27-contig-0000000	gi|712911958|ref|YP_009093355.1|	85.71	70	10	0	1	70	1	70	4e-35	125
rpl27-contig-0000000	gi|699008642|ref|YP_009059254.1|	85.71	70	10	0	1	70	1	70	6e-35	125
rpl27-contig-0000000	gi|299830584|ref|YP_003735032.1|	84.29	70	11	0	1	70	1	70	1e-34	125
rpl27-contig-0000000	gi|918020177|ref|YP_009162651.1|	87.14	70	9	0	1	70	1	70	1e-34	125
rpl27-contig-0000000	gi|299830425|ref|YP_003734640.1|	84.29	70	11	0	1	70	1	70	1e-34	124
rpl27-contig-0000000	gi|700082596|ref|YP_009092993.1|	87.14	70	9	0	1	70	1	70	2e-34	124
rpl27-contig-0000000	gi|700658208|ref|YP_009093213.1|	88.57	70	8	0	1	70	1	70	2e-34	124
rps17-contig-0000000	gi|299830608|ref|YP_003735056.1|	79.03	62	10	1	1	59	8	69	4e-26	102
rps17-contig-0000000	gi|330850874|ref|YP_004376624.1|	82.26	62	8	1	1	59	8	69	6e-26	102
rps17-contig-0000000	gi|918020209|ref|YP_009162683.1|	79.03	62	10	1	1	59	8	69	2e-25	100
rps17-contig-0000000	gi|662012468|ref|YP_009028802.1|	77.42	62	11	1	1	59	8	69	4e-25	99.8
rps17-contig-0000000	gi|699008668|ref|YP_009059280.1|	77.42	62	11	1	1	59	8	69	5e-25	99.8
rps17-contig-0000000	gi|662012926|ref|YP_009029255.1|	75.81	62	12	1	1	59	8	69	1e-24	99.0
rps17-contig-0000000	gi|299830387|ref|YP_003734602.1|	75.81	62	12	1	1	59	8	69	1e-24	98.6
rps17-contig-0000000	gi|662015885|ref|YP_009029511.1|	75.81	62	12	1	1	59	8	69	6e-24	97.1
rps17-contig-0000000	gi|378824567|ref|YP_005089737.1|	74.19	62	13	1	1	59	8	69	7e-24	97.1
rps17-contig-0000000	gi|118411068|ref|YP_874463.1|	74.19	62	13	1	1	59	8	69	9e-24	96.7
tatC-contig-0000000	gi|725650517|ref|YP_009093035.1|	85.54	83	12	0	5	87	128	210	9e-41	146
tatC-contig-0000000	gi|662015832|ref|YP_009029458.1|	85.54	83	12	0	5	87	128	210	2e-40	145
tatC-contig-0000000	gi|700082488|ref|YP_009092885.1|	83.13	83	14	0	5	87	128	210	4e-40	144
tatC-contig-0000000	gi|11467559|ref|NP_043705.1|	88.75	80	9	0	8	87	148	227	8e-40	144
tatC-contig-0000000	gi|378824514|ref|YP_005089684.1|	78.16	87	19	0	1	87	124	210	1e-39	143
tatC-contig-0000000	gi|315320488|ref|YP_004072544.1|	81.61	87	16	0	1	87	124	210	1e-39	143
tatC-contig-0000000	gi|712911892|ref|YP_009093289.1|	84.34	83	13	0	5	87	128	210	2e-39	142
tatC-contig-0000000	gi|118411010|ref|YP_874405.1|	77.91	86	19	0	2	87	125	210	7e-39	141
tatC-contig-0000000	gi|662012560|ref|YP_009028891.1|	78.16	87	19	0	1	87	126	212	1e-38	140
tatC-contig-0000000	gi|918020241|ref|YP_009162715.1|	77.91	86	19	0	2	87	125	210	1e-38	140
tatC-contig-0000001	gi|725650517|ref|YP_009093035.1|	93.42	76	5	0	1	76	128	203	9e-41	145
tatC-contig-0000001	gi|700082488|ref|YP_009092885.1|	89.47	76	8	0	1	76	128	203	2e-38	139
tatC-contig-0000001	gi|662015832|ref|YP_009029458.1|	86.84	76	10	0	1	76	128	203	1e-37	137
tatC-contig-0000001	gi|315320488|ref|YP_004072544.1|	86.84	76	10	0	1	76	128	203	1e-37	137
tatC-contig-0000001	gi|11467559|ref|NP_043705.1|	89.19	74	8	0	3	76	147	220	1e-37	137
tatC-contig-0000001	gi|712911892|ref|YP_009093289.1|	85.53	76	11	0	1	76	128	203	2e-37	137
tatC-contig-0000001	gi|918021192|ref|YP_009163581.1|	84.21	76	12	0	1	76	128	203	1e-36	135
tatC-contig-0000001	gi|662012680|ref|YP_009029015.1|	84.21	76	12	0	1	76	128	203	2e-36	134
tatC-contig-0000001	gi|662012560|ref|YP_009028891.1|	81.58	76	14	0	1	76	130	205	4e-36	133
tatC-contig-0000001	gi|700658169|ref|YP_009093174.1|	88.89	72	8	0	5	76	132	203	5e-36	133
M_atpH-contig-0000000	gi|315320533|ref|YP_004072589.1|	98.77	81	1	0	1	81	1	81	3e-45	152
M_atpH-contig-0000000	gi|662012444|ref|YP_009028776.1|	98.77	81	1	0	1	81	1	81	3e-45	152
M_atpH-contig-0000000	gi|189095365|ref|YP_001936378.1|	96.30	81	3	0	1	81	1	81	6e-45	151
M_atpH-contig-0000000	gi|662012962|ref|YP_009029290.1|	97.53	81	2	0	1	81	1	81	7e-45	151
M_atpH-contig-0000000	gi|662012733|ref|YP_009029071.1|	97.50	80	2	0	1	80	1	80	5e-44	149
M_atpH-contig-0000000	gi|378824529|ref|YP_005089699.1|	95.06	81	4	0	1	81	1	81	6e-44	149
M_atpH-contig-0000000	gi|1079488514|ref|YP_009308869.1|	95.06	81	4	0	1	81	1	81	4e-43	147
M_atpH-contig-0000000	gi|215400708|ref|YP_002327469.1|	93.75	80	5	0	1	80	1	80	7e-43	146
M_atpH-contig-0000000	gi|966203195|ref|YP_009193346.1|	93.75	80	5	0	1	80	1	80	1e-42	145
M_atpH-contig-0000000	gi|542687745|ref|YP_008519702.1|	91.25	80	7	0	2	81	3	82	2e-42	145
